date,zip,confirmed_cases,total_tested,Age: Unknown,Age: <20,Age: 20-29,Age: 30-39,Age: 40-49,Age: 50-59,Age: 60-69,Age: 70-79,Age: 80+,Gender: Male,Gender: Female,Gender: Unknown/Left Blank,Race: White,Race: Black,Race: Left Blank,Race: Other,Race: Asian,Race: Hispanic,Race: NH/PI*,Race: AI/AN**
2020-8-2,60002,152,2503,0,18,26,28,28,24,20,6,0,78,74,0,72,8,32,0,0,32,0,0
2020-8-2,60004,436,11496,0,40,79,63,63,68,42,29,52,199,212,25,140,7,175,20,19,73,0,0
2020-8-2,60005,286,6050,0,27,49,46,47,40,29,20,28,129,156,0,96,13,98,12,11,55,0,0
2020-8-2,60007,410,5124,0,19,42,48,54,57,54,53,83,189,218,0,140,0,175,16,12,59,0,0
2020-8-2,60008,428,5503,0,40,57,73,86,82,53,24,13,221,204,0,90,7,153,15,7,156,0,0
2020-8-2,60010,294,6344,0,45,54,29,29,52,36,20,29,157,136,0,135,0,120,13,13,11,0,0
2020-8-2,60012,113,1333,0,6,14,6,8,15,8,13,43,52,60,0,82,0,15,0,0,9,0,0
2020-8-2,60013,197,2809,0,21,39,32,26,40,30,6,0,92,105,0,112,0,27,0,0,52,0,0
2020-8-2,60014,472,6128,0,63,81,74,77,59,50,30,38,204,266,0,270,12,42,0,12,131,0,0
2020-8-2,60015,235,4766,0,26,27,20,28,35,23,31,45,94,141,0,159,7,32,15,11,9,0,0
2020-8-2,60016,1267,11521,0,74,212,191,191,230,201,79,89,608,633,26,289,57,345,129,198,235,6,8
2020-8-2,60018,748,6773,0,46,134,112,135,118,80,42,81,354,379,15,137,16,257,31,30,273,0,0
2020-8-2,60020,69,1568,0,7,12,15,13,12,9,0,0,29,39,0,29,0,22,0,0,10,0,0
2020-8-2,60021,35,555,0,0,9,0,0,11,0,0,0,13,22,0,29,0,0,0,0,0,0,0
2020-8-2,60022,48,1375,0,10,12,0,0,14,0,0,0,26,22,0,34,0,6,0,0,0,0,0
2020-8-2,60025,507,7441,0,61,77,50,99,89,57,29,45,240,243,24,234,7,98,60,51,53,0,0
2020-8-2,60026,207,4443,0,22,21,18,21,28,16,24,57,75,120,12,97,0,44,23,26,12,0,0
2020-8-2,60029,12,146,0,0,0,0,0,0,0,0,0,8,0,0,0,0,0,0,0,0,0,0
2020-8-2,60030,295,5613,0,33,78,43,37,45,35,15,9,142,146,7,128,19,40,19,10,77,0,0
2020-8-2,60031,459,6975,0,48,99,72,60,80,49,23,28,202,253,0,159,58,60,25,24,129,0,0
2020-8-2,60033,286,2263,0,46,50,52,63,41,18,11,0,133,149,0,47,0,11,0,0,223,0,0
2020-8-2,60034,6,246,0,0,0,0,0,0,0,0,0,0,0,0,0,0,0,0,0,0,0,0
2020-8-2,60035,336,7257,0,23,55,53,47,55,29,28,46,169,166,0,161,18,54,23,11,65,0,0
2020-8-2,60040,186,1314,0,14,14,27,30,26,18,23,34,81,101,0,63,0,16,0,0,101,0,0
2020-8-2,60041,67,1274,0,0,15,12,10,11,9,0,0,32,35,0,33,0,9,0,0,19,0,0
2020-8-2,60042,69,1018,0,6,17,11,12,11,8,0,0,36,33,0,24,0,11,0,0,31,0,0
2020-8-2,60043,20,417,0,0,0,0,0,9,0,0,0,9,11,0,15,0,0,0,0,0,0,0
2020-8-2,60044,130,2279,0,13,12,14,9,12,12,15,43,54,76,0,65,11,15,8,16,15,0,0
2020-8-2,60045,152,3798,0,9,32,11,22,34,22,11,11,77,74,0,105,0,24,6,8,6,0,0
2020-8-2,60046,315,4640,0,42,58,43,40,64,35,12,21,159,155,0,139,15,50,20,13,76,0,0
2020-8-2,60047,623,8929,0,102,45,40,55,81,65,78,157,283,337,0,372,0,172,13,11,49,0,0
2020-8-2,60048,225,4458,0,27,22,20,30,20,23,25,58,102,121,0,158,8,29,9,0,17,0,0
2020-8-2,60050,310,4463,0,24,36,43,57,51,43,31,25,156,154,0,167,6,27,0,10,97,0,0
2020-8-2,60051,180,3013,0,9,38,20,32,38,29,8,6,84,94,0,120,0,13,0,0,35,0,0
2020-8-2,60053,367,4956,0,16,39,60,49,62,74,32,35,183,184,0,103,15,93,41,77,29,0,0
2020-8-2,60056,760,8855,0,51,131,145,166,137,77,30,23,370,381,9,164,17,230,50,57,236,0,0
2020-8-2,60060,547,5470,0,62,118,69,110,110,62,7,9,274,270,0,115,10,82,36,21,281,0,0
2020-8-2,60061,242,3997,0,20,51,33,43,45,22,9,19,118,124,0,93,9,36,12,23,66,0,0
2020-8-2,60062,412,10204,0,26,52,33,49,64,63,43,82,195,210,7,207,6,102,39,31,24,0,0
2020-8-2,60064,714,3103,0,111,191,105,103,90,73,26,15,406,298,10,130,144,65,26,21,325,0,0
2020-8-2,60067,342,8163,0,50,61,48,40,50,39,22,32,141,193,8,149,9,110,15,12,42,0,0
2020-8-2,60068,400,6921,0,21,71,42,44,55,50,26,91,176,215,9,230,0,95,25,21,23,0,0
2020-8-2,60069,116,3398,0,0,16,12,8,16,12,19,32,49,67,0,73,0,23,0,0,9,0,0
2020-8-2,60070,299,3263,0,28,43,55,70,47,25,12,19,149,146,0,49,0,67,13,8,157,0,0
2020-8-2,60071,22,451,0,0,0,0,0,0,0,0,0,11,11,0,17,0,0,0,0,0,0,0
2020-8-2,60073,1334,11266,0,174,273,255,283,204,91,36,17,631,690,13,185,48,154,56,29,859,0,0
2020-8-2,60074,578,5670,0,60,110,127,108,93,54,13,13,266,305,7,85,17,180,17,15,263,0,0
2020-8-2,60076,626,7418,0,45,94,96,89,115,91,39,57,275,347,0,149,50,108,150,96,68,0,0
2020-8-2,60077,471,5640,0,25,65,95,80,80,71,34,21,224,244,0,112,31,80,86,76,72,12,0
2020-8-2,60079,14,155,0,0,0,0,0,0,0,0,0,6,8,0,0,0,0,0,0,0,0,0
2020-8-2,60081,69,1016,0,6,25,8,11,6,9,0,0,29,39,0,46,0,9,0,0,9,0,0
2020-8-2,60083,133,1684,0,7,21,26,32,14,22,8,0,71,61,0,31,22,19,9,17,35,0,0
2020-8-2,60084,213,2251,0,18,36,31,44,23,12,26,23,89,124,0,70,0,43,0,0,91,0,0
2020-8-2,60085,2775,16491,0,313,538,476,544,502,281,85,35,1295,1435,45,226,213,307,68,11,1943,0,0
2020-8-2,60087,835,6081,0,109,169,121,160,134,81,32,29,380,446,9,98,66,104,33,15,516,0,0
2020-8-2,60088,368,1012,0,131,174,44,8,0,0,0,0,265,102,0,185,77,22,11,19,51,0,0
2020-8-2,60089,382,6359,0,14,51,47,57,59,49,38,67,169,212,0,182,0,81,17,26,72,0,0
2020-8-2,60090,929,7505,0,64,149,148,158,146,105,48,111,450,462,17,151,10,268,44,33,418,0,0
2020-8-2,60091,207,4413,0,27,29,18,30,38,24,17,24,97,110,0,141,0,34,13,7,8,0,0
2020-8-2,60093,210,3572,0,33,42,25,34,45,13,9,9,114,92,0,114,0,29,12,7,45,0,0
2020-8-2,60096,67,878,0,7,11,14,12,9,9,0,0,38,29,0,35,0,12,0,0,12,0,0
2020-8-2,60097,67,1306,0,7,14,7,8,14,14,0,0,33,34,0,49,0,6,0,0,9,0,0
2020-8-2,60098,478,5969,0,51,66,57,58,78,73,46,49,227,248,0,241,17,36,0,12,169,0,0
2020-8-2,60099,697,5968,0,106,146,112,141,94,49,32,17,301,389,7,82,156,73,24,11,351,0,0
2020-8-2,60101,937,6809,0,78,180,176,197,153,104,34,15,494,440,0,129,19,172,39,21,555,0,0
2020-8-2,60102,283,3862,0,39,54,46,44,58,26,10,6,137,145,0,133,7,57,0,23,57,0,0
2020-8-2,60103,407,6289,0,24,89,61,66,87,51,16,13,184,217,6,130,8,153,8,36,68,0,0
2020-8-2,60104,510,4279,0,40,90,68,92,98,62,45,15,251,253,6,25,254,96,18,0,111,0,0
2020-8-2,60106,597,5320,0,41,118,129,109,94,54,27,25,331,264,0,84,17,123,12,15,346,0,0
2020-8-2,60107,758,7217,0,59,154,138,149,139,76,36,7,377,365,16,73,15,315,21,44,275,11,0
2020-8-2,60108,411,6016,0,17,47,42,48,51,72,60,74,186,203,22,160,17,132,8,34,54,0,0
2020-8-2,60109,13,378,0,0,0,0,0,0,0,0,0,0,6,6,0,0,10,0,0,0,0,0
2020-8-2,60110,861,5313,0,108,172,146,204,138,68,18,7,425,423,13,73,23,281,8,8,468,0,0
2020-8-2,60112,44,566,0,0,8,7,9,10,0,0,0,18,26,0,12,0,7,0,0,21,0,0
2020-8-2,60115,401,6122,0,40,108,70,51,40,24,29,39,168,232,0,143,66,26,6,10,150,0,0
2020-8-2,60118,112,2034,0,9,29,22,14,15,9,8,6,53,58,0,50,0,33,0,0,20,0,0
2020-8-2,60119,67,1257,0,0,16,13,11,12,0,0,0,34,33,0,41,0,14,0,0,11,0,0
2020-8-2,60120,1555,9120,0,148,337,266,318,252,122,55,57,729,805,21,140,42,431,18,21,886,16,0
2020-8-2,60123,1068,9304,0,110,208,190,202,161,99,46,52,473,577,18,145,48,293,20,18,542,0,0
2020-8-2,60124,223,3178,0,35,33,34,39,36,19,13,14,105,116,0,87,0,70,7,18,34,0,0
2020-8-2,60126,529,9301,0,99,78,51,73,80,54,38,56,284,240,0,252,24,132,28,23,66,0,0
2020-8-2,60130,203,5425,0,0,32,37,42,29,29,21,10,90,108,0,39,80,41,15,0,25,0,0
2020-8-2,60131,422,3363,0,47,63,83,94,71,44,8,12,203,215,0,92,0,91,16,10,204,0,0
2020-8-2,60133,870,7067,0,89,182,157,170,162,78,23,9,427,421,22,86,36,282,26,40,389,10,0
2020-8-2,60134,266,4056,0,34,36,20,28,41,25,28,54,117,143,6,139,0,87,0,0,32,0,0
2020-8-2,60135,76,919,0,10,18,15,7,16,6,0,0,46,30,0,41,0,12,0,0,23,0,0
2020-8-2,60136,95,1020,0,6,16,14,20,25,8,0,0,39,55,0,32,0,22,0,17,20,0,0
2020-8-2,60137,308,6271,0,62,57,45,43,44,34,13,10,152,154,0,136,13,95,6,12,43,0,0
2020-8-2,60139,756,6169,0,82,146,131,150,114,83,43,7,374,380,0,90,27,161,32,93,352,0,0
2020-8-2,60140,151,2269,0,11,31,39,33,19,12,0,0,77,74,0,52,8,55,0,9,26,0,0
2020-8-2,60141,26,1203,0,0,0,0,0,0,0,0,0,18,8,0,6,6,8,0,0,0,0,0
2020-8-2,60142,186,3754,0,21,32,23,33,33,23,17,0,84,102,0,114,0,28,0,10,30,0,0
2020-8-2,60143,220,2137,0,9,24,28,26,32,43,28,30,105,115,0,86,0,70,0,13,40,0,0
2020-8-2,60145,13,230,0,0,0,0,0,0,0,0,0,10,0,0,11,0,0,0,0,0,0,0
2020-8-2,60146,16,309,0,0,0,0,0,0,0,0,0,9,7,0,10,0,0,0,0,0,0,0
2020-8-2,60148,543,8424,0,48,112,86,67,89,55,26,60,243,287,13,197,43,145,22,26,105,0,0
2020-8-2,60150,7,196,0,0,0,0,0,0,0,0,0,0,0,0,0,0,0,0,0,0,0,0
2020-8-2,60151,25,434,0,7,0,0,6,0,0,0,0,14,10,0,14,0,9,0,0,0,0,0
2020-8-2,60152,95,1519,0,6,10,18,18,12,8,8,15,43,52,0,57,0,0,0,0,32,0,0
2020-8-2,60153,613,4834,0,60,113,115,124,98,50,38,14,278,323,12,36,272,111,27,0,166,0,0
2020-8-2,60154,253,3685,0,25,33,34,41,36,37,32,15,113,138,0,48,72,52,20,11,49,0,0
2020-8-2,60155,206,1521,0,20,26,28,43,38,29,13,9,92,109,0,10,117,40,11,7,17,0,0
2020-8-2,60156,242,3302,0,27,63,33,39,49,20,8,0,125,117,0,118,11,37,0,15,58,0,0
2020-8-2,60157,17,327,0,0,0,0,7,0,0,0,0,10,7,0,7,0,6,0,0,0,0,0
2020-8-2,60160,844,5198,0,94,149,178,169,135,69,28,22,426,398,20,128,27,206,42,0,438,0,0
2020-8-2,60162,193,2575,0,11,43,27,38,27,27,10,10,87,98,8,17,58,33,9,0,72,0,0
2020-8-2,60163,117,1017,0,9,22,19,27,21,11,0,0,51,64,0,8,16,34,0,0,55,0,0
2020-8-2,60164,609,6467,0,46,123,87,114,127,60,26,26,318,281,10,116,6,151,30,11,294,0,0
2020-8-2,60165,199,909,0,26,45,36,38,28,14,10,0,90,107,0,25,7,41,12,0,112,0,0
2020-8-2,60169,486,5274,0,40,89,97,67,88,42,22,41,232,237,17,63,14,213,18,44,116,6,12
2020-8-2,60171,158,1865,0,14,30,29,30,26,24,0,0,79,79,0,50,0,41,7,0,53,0,0
2020-8-2,60172,292,3963,0,22,42,43,46,65,40,18,16,117,171,0,127,0,88,7,17,50,0,0
2020-8-2,60173,137,1542,0,8,29,31,19,26,8,0,12,62,72,0,25,0,54,8,16,27,0,0
2020-8-2,60174,289,5266,0,35,55,46,43,44,35,13,18,140,142,7,142,7,74,0,6,54,0,0
2020-8-2,60175,197,3021,0,39,42,23,19,40,21,12,0,102,93,0,110,0,63,0,6,13,0,0
2020-8-2,60176,215,1757,0,25,34,50,36,38,22,6,0,114,96,0,58,0,48,10,12,78,0,0
2020-8-2,60177,399,3878,0,31,62,57,41,52,40,47,69,159,198,42,105,10,177,9,17,80,0,0
2020-8-2,60178,127,2522,0,19,31,20,23,19,8,7,0,57,70,0,71,8,19,0,0,25,0,0
2020-8-2,60180,6,168,0,0,0,0,0,0,0,0,0,0,0,0,0,0,0,0,0,0,0,0
2020-8-2,60181,351,4485,0,28,67,63,63,58,36,25,11,166,184,0,97,20,75,17,16,126,0,0
2020-8-2,60184,13,286,0,0,0,0,0,0,0,0,0,6,7,0,6,0,0,0,0,0,0,0
2020-8-2,60185,875,6464,0,96,146,190,168,141,81,40,13,448,409,18,108,11,206,9,23,518,0,0
2020-8-2,60187,218,5945,0,20,42,35,21,36,30,12,22,97,116,0,87,9,74,11,18,18,0,0
2020-8-2,60188,635,7298,0,59,103,104,96,98,62,38,75,282,346,7,160,34,199,19,62,157,0,0
2020-8-2,60189,188,4790,0,28,43,24,24,26,27,12,0,85,103,0,96,14,52,0,6,20,0,0
2020-8-2,60190,97,2288,0,8,17,16,13,22,10,7,0,46,49,0,47,0,33,0,0,13,0,0
2020-8-2,60191,257,2344,0,21,39,48,43,52,27,14,13,139,118,0,72,0,55,9,7,109,0,0
2020-8-2,60192,97,1808,0,8,11,16,20,20,9,8,0,40,56,0,32,0,38,6,13,0,0,0
2020-8-2,60193,356,6503,0,26,49,59,55,64,50,28,25,159,192,0,104,8,158,12,30,43,0,0
2020-8-2,60194,220,4037,0,18,31,46,36,28,18,15,28,95,121,0,45,6,98,8,18,43,0,0
2020-8-2,60195,28,525,0,0,0,6,0,0,0,0,0,10,16,0,6,0,13,0,0,0,0,0
2020-8-2,60201,382,8972,0,28,63,47,59,48,44,46,47,178,204,0,143,111,35,29,10,51,0,0
2020-8-2,60202,488,7041,0,32,62,68,70,65,60,38,93,200,285,0,141,133,61,37,14,102,0,0
2020-8-2,60203,43,904,0,9,0,0,6,13,0,0,0,20,22,0,19,0,13,0,0,0,0,0
2020-8-2,60301,39,619,0,0,12,11,0,7,0,0,0,20,19,0,12,10,0,0,0,6,0,0
2020-8-2,60302,305,7444,0,23,44,47,56,43,35,26,31,133,164,8,111,104,37,17,8,28,0,0
2020-8-2,60304,107,3439,0,7,20,22,20,17,14,7,0,58,48,0,33,52,0,0,0,12,0,0
2020-8-2,60305,105,2238,0,16,16,13,20,19,15,0,0,57,48,0,48,9,18,16,0,13,0,0
2020-8-2,60401,69,1559,0,6,10,0,11,18,7,10,0,29,40,0,37,7,20,0,0,0,0,0
2020-8-2,60402,1688,13501,0,141,328,308,360,271,170,67,41,789,874,25,240,93,330,128,14,880,0,0
2020-8-2,60403,282,3489,0,27,47,50,62,49,24,11,12,138,142,0,52,60,76,6,10,77,0,0
2020-8-2,60404,173,3050,0,13,34,30,22,32,21,11,10,99,72,0,75,15,51,6,0,24,0,0
2020-8-2,60406,642,5469,0,72,129,116,96,121,59,28,21,318,320,0,46,126,288,19,0,159,0,0
2020-8-2,60408,31,932,0,0,9,0,0,6,0,0,0,17,14,0,18,0,7,0,0,0,0,0
2020-8-2,60409,831,8691,0,77,139,153,158,132,110,35,26,337,487,7,27,402,264,33,0,105,0,0
2020-8-2,60410,89,1670,0,18,20,7,17,14,8,0,0,43,45,0,45,0,34,0,0,8,0,0
2020-8-2,60411,1226,12475,0,102,225,185,213,203,144,96,57,536,673,17,102,475,435,28,0,175,0,0
2020-8-2,60415,276,2914,0,21,57,35,34,30,39,30,30,127,144,0,93,39,100,17,6,18,0,0
2020-8-2,60416,41,973,0,8,8,9,0,10,0,0,0,16,24,0,31,0,9,0,0,0,0,0
2020-8-2,60417,222,3363,0,15,20,29,35,34,35,22,32,94,125,0,75,58,57,8,0,23,0,0
2020-8-2,60418,155,1240,0,10,23,18,16,15,24,18,31,50,102,0,60,20,61,0,0,12,0,0
2020-8-2,60419,534,5959,0,32,80,75,68,106,93,47,33,227,300,7,12,347,143,7,0,25,0,0
2020-8-2,60420,16,576,0,0,0,0,0,6,0,0,0,11,0,0,13,0,0,0,0,0,0,0
2020-8-2,60421,18,409,0,0,0,0,6,0,0,0,0,9,9,0,11,0,6,0,0,0,0,0
2020-8-2,60422,138,2182,0,18,19,21,27,22,14,6,11,62,76,0,16,71,48,0,0,0,0,0
2020-8-2,60423,275,4340,0,31,53,28,42,63,36,13,9,135,140,0,122,25,106,0,8,9,0,0
2020-8-2,60424,8,222,0,0,0,0,0,0,0,0,0,7,0,0,0,0,0,0,0,0,0,0
2020-8-2,60425,210,2673,0,16,21,21,29,46,40,22,15,114,95,0,32,89,77,0,0,8,0,0
2020-8-2,60426,597,6247,0,60,101,113,100,101,59,43,20,294,298,0,11,271,187,15,0,110,0,0
2020-8-2,60428,279,2727,0,29,36,47,52,41,42,18,14,113,165,0,6,144,95,0,0,28,0,0
2020-8-2,60429,313,3926,0,29,44,49,47,56,39,22,27,131,180,0,20,194,83,7,0,9,0,0
2020-8-2,60430,329,4263,0,15,33,49,40,54,37,48,53,142,183,0,55,157,94,6,0,13,0,0
2020-8-2,60431,308,4668,0,32,49,76,64,48,27,8,0,137,171,0,70,51,86,7,11,83,0,0
2020-8-2,60432,551,3661,0,68,106,95,110,94,45,15,18,262,275,14,36,54,153,29,0,275,0,0
2020-8-2,60433,380,3697,0,35,66,62,62,52,39,25,39,175,204,0,52,100,96,11,0,121,0,0
2020-8-2,60434,189,537,0,0,17,51,46,34,33,7,0,184,0,0,22,125,12,0,0,28,0,0
2020-8-2,60435,855,10287,0,59,133,153,127,129,91,80,83,407,444,0,223,127,219,15,10,259,0,0
2020-8-2,60436,311,3547,0,39,59,57,68,39,27,16,6,151,157,0,40,64,85,9,0,111,0,0
2020-8-2,60438,554,5724,0,46,75,87,97,106,73,38,32,230,322,0,73,199,200,17,0,63,0,0
2020-8-2,60439,178,3859,0,9,28,23,33,25,17,18,25,78,100,0,95,0,63,10,0,9,0,0
2020-8-2,60440,1035,11930,0,95,165,171,186,148,99,78,93,487,544,0,143,159,264,52,43,370,0,0
2020-8-2,60441,306,4087,0,21,53,63,52,53,34,18,12,151,153,0,121,25,104,8,0,46,0,0
2020-8-2,60442,70,1159,0,0,20,11,11,9,11,0,0,33,37,0,37,0,25,0,0,0,0,0
2020-8-2,60443,475,5030,0,38,71,76,89,72,59,32,38,199,251,25,26,277,144,7,0,16,0,0
2020-8-2,60445,247,3666,0,30,40,42,55,37,26,11,6,110,133,0,41,27,129,10,0,39,0,0
2020-8-2,60446,660,7655,0,81,126,91,132,144,47,24,14,309,347,0,112,77,144,38,33,253,0,0
2020-8-2,60447,75,1713,0,11,15,18,16,0,8,0,0,39,31,0,31,0,27,0,0,13,0,0
2020-8-2,60448,214,2933,0,23,44,23,35,36,19,16,18,107,104,0,124,0,68,6,0,10,0,0
2020-8-2,60449,102,1590,0,0,16,17,15,16,26,8,0,58,42,0,38,26,27,0,0,8,0,0
2020-8-2,60450,125,2852,0,17,18,23,12,18,11,8,16,58,61,6,67,0,31,0,0,22,0,0
2020-8-2,60451,252,3943,0,38,46,33,50,53,26,0,0,112,138,0,124,0,111,6,0,8,0,0
2020-8-2,60452,316,4182,0,15,65,59,58,54,41,11,13,160,155,0,98,41,126,13,7,29,0,0
2020-8-2,60453,1045,11060,0,54,189,139,139,193,116,97,118,491,539,15,276,130,423,44,18,151,0,0
2020-8-2,60455,448,3888,0,33,70,52,56,64,83,50,40,227,216,0,133,32,163,35,6,78,0,0
2020-8-2,60456,61,709,0,6,13,11,9,7,11,0,0,16,45,0,27,0,13,0,0,17,0,0
2020-8-2,60457,187,2556,0,22,30,33,37,27,25,8,0,94,92,0,62,0,68,21,13,18,0,0
2020-8-2,60458,225,2338,0,17,48,33,36,35,32,9,15,88,132,0,66,28,85,16,0,29,0,0
2020-8-2,60459,560,5187,0,39,131,100,98,79,67,29,17,260,299,0,176,24,93,24,6,236,0,0
2020-8-2,60461,87,1126,0,13,7,9,12,25,8,11,0,38,48,0,8,44,28,6,0,0,0,0
2020-8-2,60462,506,6964,0,37,115,69,63,89,48,37,47,208,290,8,157,26,249,26,21,26,0,0
2020-8-2,60463,291,2725,0,6,21,9,29,24,37,61,104,124,167,0,102,17,155,6,0,8,0,0
2020-8-2,60464,88,1534,0,10,16,7,16,18,0,8,8,42,45,0,31,0,44,0,0,8,0,0
2020-8-2,60465,358,2568,0,38,47,49,37,78,41,40,28,165,174,19,129,17,160,27,0,20,0,0
2020-8-2,60466,579,5512,0,23,71,88,102,158,96,34,7,290,284,0,123,255,169,8,0,21,0,0
2020-8-2,60467,280,3578,0,26,49,26,32,46,41,24,36,130,148,0,116,10,122,12,11,6,0,0
2020-8-2,60468,49,854,0,0,8,0,6,12,10,0,0,24,24,0,30,0,16,0,0,0,0,0
2020-8-2,60469,134,1092,0,15,34,24,26,18,13,0,0,61,72,0,15,10,67,7,0,35,0,0
2020-8-2,60471,278,3153,0,12,30,57,56,57,40,19,7,109,168,0,11,172,81,6,0,6,0,0
2020-8-2,60472,86,1152,0,7,13,10,19,18,13,0,0,52,34,0,0,51,26,0,0,0,0,0
2020-8-2,60473,552,6620,0,35,65,70,67,78,92,72,72,225,321,6,40,310,161,13,0,26,0,0
2020-8-2,60475,122,1591,0,9,22,22,18,26,15,9,0,56,65,0,35,30,41,0,0,13,0,0
2020-8-2,60476,36,579,0,0,6,11,6,0,0,0,0,17,19,0,13,8,10,0,0,0,0,0
2020-8-2,60477,381,5616,0,22,91,63,54,62,49,24,16,164,209,8,139,26,165,14,16,18,0,0
2020-8-2,60478,434,4630,0,20,50,59,65,66,67,58,49,175,256,0,27,283,111,0,0,7,0,0
2020-8-2,60480,56,988,0,0,14,11,11,9,0,0,0,27,28,0,24,0,21,0,0,7,0,0
2020-8-2,60481,61,1970,0,0,10,7,15,14,7,0,0,34,27,0,45,0,13,0,0,0,0,0
2020-8-2,60482,144,1436,0,23,23,22,18,36,11,6,0,54,90,0,43,0,69,8,8,12,0,0
2020-8-2,60484,155,1365,0,8,35,30,25,27,13,11,6,58,96,0,6,104,36,0,0,0,0,0
2020-8-2,60487,250,3438,0,20,56,33,38,46,40,10,7,126,122,0,100,12,108,7,12,9,0,0
2020-8-2,60490,208,3707,0,26,34,29,49,48,17,0,0,101,107,0,48,33,51,15,24,35,0,0
2020-8-2,60491,229,2741,0,20,38,37,38,42,36,11,7,121,108,0,117,10,86,8,0,0,0,0
2020-8-2,60501,348,2173,0,44,88,52,81,45,17,13,8,168,179,0,55,12,86,24,0,169,0,0
2020-8-2,60502,182,3104,0,22,40,26,38,42,8,0,0,90,91,0,62,21,38,7,10,44,0,0
2020-8-2,60503,106,2109,0,0,24,13,36,16,9,0,0,40,66,0,23,12,39,6,6,20,0,0
2020-8-2,60504,455,6089,0,54,101,68,95,75,35,14,13,198,255,0,78,69,114,9,31,152,0,0
2020-8-2,60505,2238,13862,0,301,467,389,497,346,151,63,24,1091,1133,14,82,53,611,24,6,1461,0,0
2020-8-2,60506,1311,12542,0,132,253,211,247,177,122,78,91,633,669,9,192,103,326,32,45,611,0,0
2020-8-2,60510,209,4779,0,25,42,25,39,38,25,7,8,106,100,0,98,10,62,0,0,33,0,0
2020-8-2,60512,7,169,0,0,0,0,0,0,0,0,0,6,0,0,0,0,0,0,0,0,0,0
2020-8-2,60513,240,4015,0,20,38,46,45,39,37,0,11,113,126,0,83,8,66,22,0,60,0,0
2020-8-2,60514,94,1663,0,17,26,8,11,14,6,0,8,38,56,0,59,0,15,0,9,0,0,0
2020-8-2,60515,170,4180,0,16,31,24,22,26,16,13,22,80,86,0,98,0,46,0,0,15,0,0
2020-8-2,60516,210,4465,0,29,34,31,30,28,31,12,15,106,103,0,92,10,68,7,11,21,0,0
2020-8-2,60517,317,5301,0,35,55,66,49,58,36,13,0,153,162,0,101,42,71,7,33,60,0,0
2020-8-2,60518,17,314,0,0,0,0,0,0,0,0,0,11,0,0,0,0,9,0,0,0,0,0
2020-8-2,60520,15,367,0,0,0,0,0,0,0,0,0,0,10,0,10,0,0,0,0,0,0,0
2020-8-2,60521,258,3452,0,22,32,11,14,40,42,48,49,137,120,0,142,8,73,9,8,17,0,0
2020-8-2,60523,132,1955,0,6,8,12,0,16,19,17,49,57,75,0,65,0,31,10,16,7,0,0
2020-8-2,60525,442,7969,0,51,74,51,57,67,64,37,41,212,230,0,206,25,113,17,0,75,0,0
2020-8-2,60526,138,4432,0,24,25,15,24,12,6,0,27,67,71,0,76,9,29,9,0,15,0,0
2020-8-2,60527,376,6548,0,25,69,33,48,58,43,36,64,166,206,0,176,30,91,27,30,20,0,0
2020-8-2,60531,10,213,0,0,0,0,0,0,0,0,0,0,7,0,0,0,0,0,0,0,0,0
2020-8-2,60532,200,4558,0,14,31,40,23,36,17,8,31,96,104,0,81,18,60,0,8,30,0,0
2020-8-2,60534,218,2105,0,18,50,44,40,25,22,10,8,102,115,0,53,6,43,21,0,92,0,0
2020-8-2,60538,401,4649,0,59,89,76,80,58,25,12,0,182,217,0,78,27,68,0,6,216,0,0
2020-8-2,60540,210,6537,0,22,59,22,32,22,25,19,9,88,121,0,95,11,65,0,10,22,0,0
2020-8-2,60541,16,328,0,0,0,0,0,0,0,0,0,8,8,0,9,0,0,0,0,0,0,0
2020-8-2,60542,256,3395,0,21,40,41,36,31,28,17,42,112,139,0,92,8,91,7,0,54,0,0
2020-8-2,60543,398,6016,0,43,61,59,74,66,42,20,33,175,221,0,156,38,87,7,11,99,0,0
2020-8-2,60544,274,5235,0,35,54,31,58,50,25,16,0,140,134,0,86,33,75,15,12,52,0,0
2020-8-2,60545,201,2202,0,23,43,43,38,34,16,0,0,105,95,0,33,6,29,0,0,130,0,0
2020-8-2,60546,209,5029,0,25,34,39,35,32,28,11,0,98,109,0,80,15,42,12,6,51,0,0
2020-8-2,60548,165,2569,0,11,37,25,20,17,14,21,20,58,105,0,95,0,20,0,0,44,0,0
2020-8-2,60551,32,431,0,0,6,0,14,0,0,0,0,24,8,0,13,13,0,0,0,0,0,0
2020-8-2,60552,21,562,0,0,0,0,0,0,0,0,0,6,15,0,12,0,0,0,0,0,0,0
2020-8-2,60554,83,1661,0,9,13,9,10,19,13,0,0,41,42,0,49,0,19,0,0,9,0,0
2020-8-2,60555,168,2277,0,20,31,24,37,36,15,0,0,76,92,0,45,0,31,0,0,83,0,0
2020-8-2,60558,132,2661,0,47,24,16,17,16,0,0,0,67,65,0,71,0,50,0,0,6,0,0
2020-8-2,60559,411,4366,0,21,56,46,48,54,58,52,76,194,215,0,188,38,93,13,32,44,0,0
2020-8-2,60560,195,3466,0,17,51,28,27,35,20,8,9,90,101,0,80,14,54,6,0,38,0,0
2020-8-2,60561,182,3845,0,21,20,23,29,34,29,19,7,98,84,0,77,7,47,14,15,22,0,0
2020-8-2,60563,263,7330,0,22,42,39,38,28,28,19,47,105,157,0,97,22,72,11,18,42,0,0
2020-8-2,60564,318,6146,0,61,72,27,45,59,29,9,16,151,162,0,99,18,149,8,24,19,0,0
2020-8-2,60565,268,5986,0,28,41,22,26,38,43,27,43,133,134,0,110,19,67,9,33,29,0,0
2020-8-2,60585,177,3498,0,15,46,14,38,40,9,10,0,83,94,0,64,13,63,0,9,23,0,0
2020-8-2,60586,560,7566,0,57,137,91,96,108,48,17,6,268,291,0,150,84,162,21,8,134,0,0
2020-8-2,60601,114,2485,0,0,34,37,11,10,7,7,7,61,53,0,55,15,21,0,12,7,0,0
2020-8-2,60602,18,479,0,0,8,0,0,0,0,0,0,11,6,0,0,0,0,0,0,0,0,0
2020-8-2,60603,8,244,0,0,0,0,0,0,0,0,0,0,0,0,0,0,0,0,0,0,0,0
2020-8-2,60604,27,310,0,0,0,0,10,0,0,0,0,17,10,0,0,6,12,0,0,0,0,0
2020-8-2,60605,285,5877,0,0,72,99,38,35,22,9,0,167,116,0,89,45,94,9,20,25,0,0
2020-8-2,60606,50,1697,0,0,16,14,7,0,0,0,0,31,19,0,8,7,23,0,0,8,0,0
2020-8-2,60607,548,6159,0,12,94,110,77,120,105,22,8,309,177,62,141,235,75,14,23,58,0,0
2020-8-2,60608,2055,18080,0,175,421,385,356,345,215,109,49,1129,884,42,168,331,262,56,31,1202,0,0
2020-8-2,60609,2096,14553,0,216,400,395,405,314,214,101,51,1007,1058,31,138,312,339,66,14,1226,0,0
2020-8-2,60610,405,8644,0,16,143,69,46,44,40,29,18,185,219,0,146,117,93,14,13,22,0,0
2020-8-2,60611,278,8059,0,11,76,70,22,32,23,23,21,141,134,0,141,12,67,23,18,16,0,0
2020-8-2,60612,824,9477,0,43,147,171,147,136,120,43,17,414,393,17,56,512,130,13,9,103,0,0
2020-8-2,60613,542,10003,0,24,140,107,64,60,65,38,44,279,257,6,210,66,140,20,18,86,0,0
2020-8-2,60614,742,15290,0,13,223,95,80,61,62,88,120,332,397,13,347,99,149,18,35,93,0,0
2020-8-2,60615,531,9235,0,53,84,95,82,91,62,31,33,245,283,0,41,364,88,11,7,19,0,0
2020-8-2,60616,609,11721,0,28,102,102,97,96,94,50,40,298,302,9,60,242,144,10,70,81,0,0
2020-8-2,60617,1634,18769,0,179,276,262,271,273,188,107,78,777,844,13,63,610,451,32,7,470,0,0
2020-8-2,60618,1634,20404,0,143,345,328,298,262,137,68,53,832,784,18,263,33,319,67,46,891,9,6
2020-8-2,60619,1177,15950,0,74,162,172,207,214,185,87,76,477,692,8,14,952,180,14,0,13,0,0
2020-8-2,60620,1408,15122,0,74,191,225,245,262,190,132,89,601,771,36,37,937,342,51,0,32,0,0
2020-8-2,60621,645,7075,0,36,114,93,82,113,103,60,44,285,355,0,10,487,98,12,0,33,0,0
2020-8-2,60622,841,13138,0,35,165,189,114,103,89,68,78,406,429,6,196,82,178,20,10,355,0,0
2020-8-2,60623,3822,18918,0,374,654,745,795,656,360,166,72,1856,1883,83,116,542,737,142,0,2282,0,0
2020-8-2,60624,1028,8236,0,103,165,198,188,157,129,56,31,425,582,21,24,690,177,19,0,114,0,0
2020-8-2,60625,1694,17226,0,104,282,291,307,255,218,127,110,853,781,60,298,70,292,87,161,764,14,8
2020-8-2,60626,1259,17483,0,45,180,179,164,203,198,177,113,628,599,32,322,296,278,55,43,262,0,0
2020-8-2,60628,1391,14840,0,85,180,196,212,241,199,172,106,593,778,20,20,974,285,47,0,58,0,0
2020-8-2,60629,3973,22551,0,423,834,740,825,625,365,113,48,1965,1963,45,183,298,912,146,0,2424,0,0
2020-8-2,60630,962,10721,0,57,190,160,145,152,106,65,87,468,488,6,256,25,192,57,77,332,19,0
2020-8-2,60631,441,7693,0,13,62,60,68,70,42,44,82,207,232,0,255,11,90,15,16,52,0,0
2020-8-2,60632,3640,18280,0,354,666,696,768,637,313,114,91,1812,1757,71,177,94,682,114,16,2555,0,0
2020-8-2,60633,405,4152,0,37,61,60,75,75,50,34,12,181,197,27,38,67,167,14,11,108,0,0
2020-8-2,60634,1840,18229,0,140,291,334,357,343,228,83,63,894,933,13,390,30,357,102,69,870,20,0
2020-8-2,60636,916,7021,0,75,152,151,156,135,109,84,54,409,497,10,10,552,146,20,0,186,0,0
2020-8-2,60637,771,11335,0,49,148,168,119,120,81,51,35,331,436,0,32,586,126,9,0,14,0,0
2020-8-2,60638,1380,11485,0,131,248,239,269,225,133,72,63,661,705,14,342,68,326,82,0,558,0,0
2020-8-2,60639,3932,23479,0,351,766,772,786,643,384,166,63,1935,1970,27,189,257,772,127,16,2569,0,0
2020-8-2,60640,1038,20004,0,34,125,167,163,164,173,101,111,509,461,68,300,213,252,42,68,158,0,0
2020-8-2,60641,1841,17649,0,167,350,326,368,311,210,70,39,883,932,26,198,41,381,85,40,1092,0,0
2020-8-2,60642,264,4864,0,13,77,69,24,24,22,14,21,124,124,16,58,29,63,9,8,96,0,0
2020-8-2,60643,977,12634,0,44,121,136,133,187,163,87,106,419,522,36,70,528,312,44,0,19,0,0
2020-8-2,60644,1440,13177,0,100,228,232,228,225,195,127,104,646,703,91,61,899,288,42,0,143,0,0
2020-8-2,60645,1197,10955,0,80,211,193,173,205,171,74,90,572,613,12,364,179,160,110,97,284,0,0
2020-8-2,60646,441,6409,0,20,37,58,80,67,60,43,76,195,209,37,169,14,142,25,29,58,0,0
2020-8-2,60647,1737,21058,0,135,314,308,289,292,197,115,87,849,868,20,191,75,358,50,16,1043,0,0
2020-8-2,60649,989,11762,0,51,130,132,124,149,155,130,118,407,564,18,16,789,151,14,0,17,0,0
2020-8-2,60651,2072,14409,0,203,370,420,406,302,201,137,33,946,1100,26,46,631,375,49,0,967,0,0
2020-8-2,60652,1183,8915,0,98,205,197,233,185,110,57,98,536,609,38,68,278,387,36,0,410,0,0
2020-8-2,60653,674,10349,0,82,79,110,112,99,99,57,36,296,354,24,16,478,144,0,11,19,0,0
2020-8-2,60654,231,3956,0,0,68,62,36,37,17,0,0,144,83,0,95,40,56,10,13,17,0,0
2020-8-2,60655,379,6152,0,19,89,76,71,56,36,16,16,194,183,0,173,38,135,7,7,19,0,0
2020-8-2,60656,383,5386,0,17,69,78,65,72,46,20,16,187,193,0,174,10,93,30,20,51,0,0
2020-8-2,60657,549,13201,0,18,184,121,57,53,28,37,51,288,255,6,270,33,138,13,27,63,0,0
2020-8-2,60659,895,7316,0,68,154,162,145,143,118,49,56,437,436,22,174,67,130,97,170,242,7,8
2020-8-2,60660,562,8699,0,24,93,106,69,121,89,47,13,315,245,0,162,86,95,40,34,144,0,0
2020-8-2,60661,95,1844,0,0,47,29,9,0,0,0,0,44,51,0,42,0,28,7,8,7,0,0
2020-8-2,60680,9,177,0,0,0,0,0,0,0,0,0,0,6,0,0,6,0,0,0,0,0,0
2020-8-2,60706,524,5964,0,34,71,44,70,73,83,60,89,253,266,0,250,16,96,24,40,91,0,0
2020-8-2,60707,953,9920,0,65,148,159,174,181,113,68,45,441,497,15,221,79,195,52,18,382,0,0
2020-8-2,60712,228,3314,0,24,28,34,32,28,23,13,46,110,115,0,89,0,52,33,34,12,0,0
2020-8-2,60714,1002,8384,0,33,102,99,98,110,149,129,281,413,563,26,295,20,282,107,166,120,7,0
2020-8-2,60803,347,3583,0,20,59,65,66,64,46,18,9,159,186,0,63,57,146,14,8,57,0,0
2020-8-2,60804,3356,18451,12,333,610,632,699,588,336,111,35,1652,1631,73,377,65,745,255,0,1905,0,0
2020-8-2,60805,298,3612,0,17,43,53,46,36,39,26,38,128,167,0,48,69,125,18,0,36,0,0
2020-8-2,60827,480,4952,0,29,101,86,85,83,58,25,13,188,288,0,11,321,120,12,0,15,0,0
2020-8-2,60901,862,10026,0,95,182,131,143,121,86,47,57,413,442,7,277,241,105,11,0,225,0,0
2020-8-2,60911,14,226,0,0,0,0,0,0,0,0,0,7,7,0,9,0,0,0,0,0,0,0
2020-8-2,60912,6,83,0,0,0,0,0,0,0,0,0,0,0,0,6,0,0,0,0,0,0,0
2020-8-2,60913,10,226,0,0,0,0,0,0,0,0,0,0,6,0,7,0,0,0,0,0,0,0
2020-8-2,60914,320,6426,0,35,55,61,45,48,35,31,10,127,192,0,179,47,49,10,0,32,0,0
2020-8-2,60915,115,2585,0,12,20,21,36,15,7,0,0,45,69,0,54,20,20,0,0,21,0,0
2020-8-2,60919,7,72,0,0,0,0,0,0,0,0,0,0,0,0,7,0,0,0,0,0,0,0
2020-8-2,60922,24,485,0,0,0,0,6,0,8,0,0,14,8,0,16,0,7,0,0,0,0,0
2020-8-2,60927,56,786,0,0,0,6,0,6,0,0,31,10,45,0,52,0,0,0,0,0,0,0
2020-8-2,60928,8,111,0,0,0,0,0,0,0,0,0,0,6,0,8,0,0,0,0,0,0,0
2020-8-2,60930,8,401,0,0,0,0,0,0,0,0,0,0,0,0,6,0,0,0,0,0,0,0
2020-8-2,60936,11,830,0,0,0,0,0,0,0,0,0,0,8,0,10,0,0,0,0,0,0,0
2020-8-2,60938,64,932,0,0,0,0,0,10,13,12,13,29,31,0,24,0,35,0,0,0,0,0
2020-8-2,60940,27,544,0,6,0,0,9,0,0,0,0,16,10,0,19,0,0,0,0,0,0,0
2020-8-2,60941,9,305,0,0,0,0,0,0,0,0,0,0,7,0,9,0,0,0,0,0,0,0
2020-8-2,60942,21,1245,0,0,0,0,0,0,0,0,0,12,9,0,10,0,0,0,0,9,0,0
2020-8-2,60950,157,4017,0,24,22,10,23,18,12,16,32,86,71,0,108,7,30,0,0,8,0,0
2020-8-2,60953,6,332,0,0,0,0,0,0,0,0,0,0,6,0,6,0,0,0,0,0,0,0
2020-8-2,60954,60,1760,0,8,14,9,8,6,11,0,0,31,29,0,28,6,14,0,0,12,0,0
2020-8-2,60955,22,299,0,0,0,0,0,0,0,0,0,10,11,0,0,0,0,0,0,17,0,0
2020-8-2,60957,13,882,0,0,0,0,0,0,0,0,0,0,8,0,10,0,0,0,0,0,0,0
2020-8-2,60958,34,434,0,8,6,0,0,0,0,0,0,17,17,0,0,27,0,0,0,0,0,0
2020-8-2,60964,45,925,0,0,0,8,0,10,8,0,0,20,25,0,18,14,6,0,0,6,0,0
2020-8-2,60970,30,1103,0,0,7,6,6,0,0,0,0,10,19,0,27,0,0,0,0,0,0,0
2020-8-2,61008,564,6056,0,69,105,93,90,82,54,31,40,265,296,0,182,13,13,14,0,336,0,0
2020-8-2,61010,46,1674,0,8,10,7,7,0,0,0,0,20,24,0,22,0,24,0,0,0,0,0
2020-8-2,61011,14,348,0,0,0,0,0,0,0,0,0,7,7,0,11,0,0,0,0,0,0,0
2020-8-2,61012,25,280,0,0,10,0,6,0,0,0,0,13,12,0,9,0,0,0,0,15,0,0
2020-8-2,61016,54,761,0,0,9,8,13,9,6,0,0,20,34,0,26,0,0,0,0,15,0,0
2020-8-2,61019,16,393,0,0,0,0,0,0,0,0,0,7,9,0,7,0,8,0,0,0,0,0
2020-8-2,61020,18,350,0,0,0,0,7,6,0,0,0,6,12,0,0,0,12,0,0,0,0,0
2020-8-2,61021,128,2824,0,12,24,16,24,20,25,0,0,84,43,0,75,0,43,0,0,0,0,0
2020-8-2,61024,8,406,0,0,0,0,0,0,0,0,0,0,6,0,8,0,0,0,0,0,0,0
2020-8-2,61025,29,398,0,0,7,0,6,0,0,0,0,20,9,0,7,0,21,0,0,0,0,0
2020-8-2,61028,10,274,0,0,0,0,0,0,0,0,0,0,6,0,0,0,7,0,0,0,0,0
2020-8-2,61032,268,5362,0,31,56,55,36,43,27,11,9,125,119,24,56,28,122,0,0,57,0,0
2020-8-2,61036,41,1275,0,6,10,6,6,0,0,0,0,19,19,0,12,0,26,0,0,0,0,0
2020-8-2,61038,8,133,0,0,0,0,0,0,0,0,0,0,0,0,0,0,0,0,0,0,0,0
2020-8-2,61041,8,142,0,0,0,0,0,0,0,0,0,0,0,0,7,0,0,0,0,0,0,0
2020-8-2,61047,10,190,0,0,0,0,0,0,0,0,0,0,0,0,0,0,0,0,0,0,0,0
2020-8-2,61048,7,340,0,0,0,0,0,0,0,0,0,0,0,0,0,0,0,0,0,0,0,0
2020-8-2,61053,7,272,0,0,0,0,0,0,0,0,0,0,0,0,0,0,0,0,0,0,0,0
2020-8-2,61054,25,692,0,0,0,6,0,0,0,0,0,14,11,0,14,0,11,0,0,0,0,0
2020-8-2,61061,32,886,0,0,7,0,8,6,0,0,0,13,18,0,15,0,17,0,0,0,0,0
2020-8-2,61062,8,143,0,0,0,0,0,0,0,0,0,0,0,0,0,0,0,0,0,0,0,0
2020-8-2,61063,14,510,0,0,0,0,0,0,0,0,0,7,7,0,12,0,0,0,0,0,0,0
2020-8-2,61064,21,477,0,0,0,0,0,0,0,0,0,8,13,0,8,0,12,0,0,0,0,0
2020-8-2,61065,102,1440,0,12,22,13,26,19,0,0,0,44,58,0,49,0,0,0,0,40,0,0
2020-8-2,61068,185,2047,0,21,40,38,34,31,17,0,0,86,93,6,20,0,84,0,0,80,0,0
2020-8-2,61071,63,914,0,10,6,8,7,17,11,0,0,28,34,0,37,0,6,0,0,17,0,0
2020-8-2,61072,65,1542,0,14,15,6,11,7,7,0,0,33,32,0,44,0,11,0,0,6,0,0
2020-8-2,61073,136,2714,0,22,31,12,22,29,12,0,0,66,70,0,85,0,28,0,0,17,0,0
2020-8-2,61074,15,300,0,0,0,0,0,0,0,0,0,8,7,0,9,0,0,0,0,0,0,0
2020-8-2,61075,6,96,0,0,0,0,0,0,0,0,0,0,0,0,0,0,0,0,0,0,0,0
2020-8-2,61080,86,1222,0,11,16,16,19,13,8,0,0,37,49,0,28,0,23,0,0,27,0,0
2020-8-2,61081,128,1589,0,18,20,16,12,21,10,0,26,53,72,0,71,0,13,0,0,36,0,0
2020-8-2,61084,14,290,0,0,0,0,0,0,0,0,0,0,9,0,8,0,0,0,0,0,0,0
2020-8-2,61085,9,322,0,0,0,0,0,0,0,0,0,0,0,0,0,0,0,0,0,0,0,0
2020-8-2,61088,21,791,0,0,0,0,0,0,0,0,0,10,11,0,17,0,0,0,0,0,0,0
2020-8-2,61101,386,4422,0,72,87,56,69,55,22,15,10,171,211,0,66,164,38,10,0,107,0,0
2020-8-2,61102,339,3507,0,72,65,58,37,52,29,16,10,139,198,0,38,156,29,0,0,113,0,0
2020-8-2,61103,397,6244,0,42,71,65,43,49,46,42,39,161,232,0,149,134,47,0,0,64,0,0
2020-8-2,61104,368,3100,0,71,97,54,61,50,19,7,9,154,211,0,50,122,40,0,16,138,0,0
2020-8-2,61107,356,5894,0,28,65,51,35,39,30,27,80,146,208,0,157,54,68,8,8,59,0,0
2020-8-2,61108,532,5943,0,58,82,82,77,70,79,51,33,243,285,0,203,85,64,0,15,160,0,0
2020-8-2,61109,370,4407,0,59,100,63,65,34,31,10,8,166,203,0,80,78,32,7,13,160,0,0
2020-8-2,61111,177,3953,0,19,34,33,25,29,27,7,0,62,114,0,106,20,32,0,0,14,0,0
2020-8-2,61114,148,3046,0,13,33,21,22,27,17,10,0,60,85,0,49,34,21,0,8,35,0,0
2020-8-2,61115,184,3386,0,24,44,28,33,20,20,9,6,79,105,0,115,20,21,0,8,18,0,0
2020-8-2,61201,447,9260,0,34,86,68,56,64,53,42,44,212,225,10,156,88,113,0,31,54,0,0
2020-8-2,61230,6,104,0,0,0,0,0,0,0,0,0,0,0,0,6,0,0,0,0,0,0,0
2020-8-2,61231,23,704,0,0,0,0,0,0,0,0,11,0,14,0,15,0,8,0,0,0,0,0
2020-8-2,61232,8,246,0,0,0,0,0,0,0,0,0,0,0,0,7,0,0,0,0,0,0,0
2020-8-2,61235,10,288,0,0,0,0,0,0,0,0,0,0,0,0,8,0,0,0,0,0,0,0
2020-8-2,61238,19,518,0,0,0,0,0,0,0,0,0,8,11,0,11,0,8,0,0,0,0,0
2020-8-2,61239,7,219,0,0,0,0,0,0,0,0,0,0,0,0,0,0,0,0,0,0,0,0
2020-8-2,61240,32,1351,0,0,10,0,8,0,0,0,0,12,20,0,20,0,10,0,0,0,0,0
2020-8-2,61241,35,1343,0,0,7,8,0,10,0,0,0,17,18,0,18,0,14,0,0,0,0,0
2020-8-2,61244,341,6007,0,25,67,71,70,55,27,15,11,213,126,0,70,79,93,0,18,75,0,0
2020-8-2,61250,6,313,0,0,0,0,0,0,0,0,0,0,0,0,0,0,0,0,0,0,0,0
2020-8-2,61252,71,660,0,6,7,7,11,16,8,0,14,25,46,0,60,0,6,0,0,0,0,0
2020-8-2,61254,47,2331,0,0,10,7,0,13,0,0,0,23,24,0,32,0,14,0,0,0,0,0
2020-8-2,61256,11,381,0,0,0,0,0,0,0,0,0,0,7,0,7,0,0,0,0,0,0,0
2020-8-2,61264,66,2085,0,10,12,10,7,9,9,0,6,28,38,0,34,11,19,0,0,0,0,0
2020-8-2,61265,511,9740,0,34,123,97,88,79,54,24,12,244,261,6,169,43,150,10,13,125,0,0
2020-8-2,61270,19,986,0,0,0,0,6,0,0,0,0,8,11,0,16,0,0,0,0,0,0,0
2020-8-2,61272,6,145,0,0,0,0,0,0,0,0,0,0,0,0,0,0,0,0,0,0,0,0
2020-8-2,61273,24,633,0,0,0,0,0,0,0,0,0,14,9,0,12,0,12,0,0,0,0,0
2020-8-2,61275,34,686,0,10,0,0,7,0,0,0,0,16,17,0,12,0,19,0,0,0,0,0
2020-8-2,61277,7,615,0,0,0,0,0,0,0,0,0,0,0,0,7,0,0,0,0,0,0,0
2020-8-2,61281,8,414,0,0,0,0,0,0,0,0,0,0,0,0,0,0,0,0,0,0,0,0
2020-8-2,61282,107,2105,0,13,15,14,15,17,12,16,0,47,60,0,43,6,34,0,0,17,0,0
2020-8-2,61284,16,339,0,0,0,0,0,7,0,0,0,9,6,0,9,0,7,0,0,0,0,0
2020-8-2,61285,11,478,0,0,0,0,0,0,0,0,0,0,6,0,7,0,0,0,0,0,0,0
2020-8-2,61301,34,1481,0,0,8,0,0,10,0,0,0,18,16,0,12,0,0,0,0,13,0,0
2020-8-2,61310,7,377,0,0,0,0,0,0,0,0,0,0,0,0,0,0,0,0,0,0,0,0
2020-8-2,61314,6,78,0,0,0,0,0,0,0,0,0,0,0,0,0,0,0,0,0,0,0,0
2020-8-2,61322,26,123,0,0,0,0,10,0,0,0,0,17,9,0,0,0,0,0,0,19,0,0
2020-8-2,61325,8,144,0,0,0,0,0,0,0,0,0,0,0,0,6,0,0,0,0,0,0,0
2020-8-2,61326,6,150,0,0,0,0,0,0,0,0,0,0,0,0,6,0,0,0,0,0,0,0
2020-8-2,61329,7,121,0,0,0,0,0,0,0,0,0,0,0,0,0,0,0,0,0,0,0,0
2020-8-2,61333,6,58,0,0,0,0,0,0,0,0,0,0,0,0,6,0,0,0,0,0,0,0
2020-8-2,61341,53,1225,0,0,8,0,0,7,15,0,11,22,31,0,44,0,6,0,0,0,0,0
2020-8-2,61342,80,1001,0,8,8,6,12,20,0,9,13,25,49,6,41,0,18,0,0,18,0,0
2020-8-2,61348,22,436,0,0,0,6,0,0,0,0,0,6,15,0,16,0,0,0,0,0,0,0
2020-8-2,61350,78,3475,0,6,16,12,11,15,14,0,0,35,43,0,42,0,12,0,0,17,0,0
2020-8-2,61354,41,1128,0,0,6,0,0,6,7,0,0,17,23,0,27,0,9,0,0,0,0,0
2020-8-2,61356,35,1463,0,6,6,8,0,6,0,0,0,22,13,0,17,0,8,0,0,9,0,0
2020-8-2,61360,13,259,0,0,0,0,0,0,0,0,0,6,7,0,8,0,0,0,0,0,0,0
2020-8-2,61362,47,1033,0,0,11,0,9,7,0,0,0,21,24,0,29,0,0,0,0,15,0,0
2020-8-2,61364,55,2172,0,0,10,9,7,10,11,0,0,32,22,0,31,0,12,0,0,6,0,0
2020-8-2,61401,205,4549,0,21,36,45,32,35,22,8,6,107,94,0,96,71,17,0,0,20,0,0
2020-8-2,61410,11,309,0,0,0,0,0,0,0,0,0,0,8,0,10,0,0,0,0,0,0,0
2020-8-2,61413,10,141,0,0,0,0,0,0,0,0,0,6,0,0,0,0,0,0,0,0,0,0
2020-8-2,61420,10,101,0,0,0,0,0,0,0,0,0,0,6,0,10,0,0,0,0,0,0,0
2020-8-2,61422,8,334,0,0,0,0,0,0,0,0,0,0,0,0,8,0,0,0,0,0,0,0
2020-8-2,61434,7,352,0,0,0,0,0,0,0,0,0,0,0,0,0,0,0,0,0,0,0,0
2020-8-2,61443,32,1584,0,0,0,0,0,9,10,0,0,16,16,0,11,0,0,0,0,12,0,0
2020-8-2,61448,13,416,0,0,0,0,0,0,0,0,0,6,0,0,7,0,0,0,0,0,0,0
2020-8-2,61455,101,2224,0,6,31,7,7,8,7,11,24,36,64,0,69,24,0,0,0,0,0,0
2020-8-2,61462,147,1309,0,0,26,41,34,27,16,0,0,68,75,0,46,8,14,0,17,62,0,0
2020-8-2,61465,7,160,0,0,0,0,0,0,0,0,0,0,0,0,7,0,0,0,0,0,0,0
2020-8-2,61469,8,201,0,0,0,0,0,0,0,0,0,0,0,0,7,0,0,0,0,0,0,0
2020-8-2,61473,6,215,0,0,0,0,0,0,0,0,0,0,0,0,0,0,0,0,0,0,0,0
2020-8-2,61486,9,199,0,0,0,0,0,0,0,0,0,6,0,0,8,0,0,0,0,0,0,0
2020-8-2,61517,9,439,0,0,0,0,0,0,0,0,0,0,6,0,9,0,0,0,0,0,0,0
2020-8-2,61520,8,2391,0,0,0,0,0,0,0,0,0,0,0,0,0,0,0,0,0,0,0,0
2020-8-2,61523,40,1984,0,11,0,7,7,7,0,0,0,18,21,0,31,0,9,0,0,0,0,0
2020-8-2,61525,82,1949,0,28,10,15,12,16,0,0,0,41,40,0,56,11,14,0,0,0,0,0
2020-8-2,61528,11,589,0,7,0,0,0,0,0,0,0,0,7,0,10,0,0,0,0,0,0,0
2020-8-2,61529,10,370,0,0,0,0,0,0,0,0,0,6,0,0,0,0,6,0,0,0,0,0
2020-8-2,61534,9,223,0,0,0,0,0,0,0,0,0,0,0,0,6,0,0,0,0,0,0,0
2020-8-2,61536,8,396,0,0,0,0,0,0,0,0,0,0,0,0,7,0,0,0,0,0,0,0
2020-8-2,61537,9,342,0,0,0,0,0,0,0,0,0,0,0,0,7,0,0,0,0,0,0,0
2020-8-2,61546,8,639,0,0,0,0,0,0,0,0,0,0,0,0,0,0,0,0,0,0,0,0
2020-8-2,61547,14,535,0,0,0,0,0,0,0,0,0,0,9,0,14,0,0,0,0,0,0,0
2020-8-2,61548,51,1869,0,11,14,0,9,12,0,0,0,20,30,0,22,0,27,0,0,0,0,0
2020-8-2,61550,68,3362,0,12,16,9,0,12,6,8,0,34,32,0,50,0,17,0,0,0,0,0
2020-8-2,61554,84,7143,0,0,16,17,13,15,11,7,0,40,43,0,59,0,18,0,0,0,0,0
2020-8-2,61559,6,486,0,0,0,0,0,0,0,0,0,0,0,0,0,0,0,0,0,0,0,0
2020-8-2,61568,11,514,0,0,0,0,0,0,0,0,0,0,8,0,6,0,0,0,0,0,0,0
2020-8-2,61571,68,4200,0,10,18,7,6,0,0,8,13,22,45,0,48,0,16,0,0,0,0,0
2020-8-2,61602,9,362,0,0,0,0,0,0,0,0,0,9,0,0,6,0,0,0,0,0,0,0
2020-8-2,61603,179,3479,0,41,36,46,29,12,11,0,0,79,98,0,20,52,20,0,8,79,0,0
2020-8-2,61604,267,7108,0,42,77,58,41,22,17,0,0,139,128,0,78,92,41,7,0,46,0,0
2020-8-2,61605,131,2761,0,25,35,28,17,16,8,0,0,58,73,0,16,52,15,0,0,47,0,0
2020-8-2,61606,43,1041,0,10,20,0,0,0,0,0,0,15,28,0,22,9,0,0,0,6,0,0
2020-8-2,61607,50,1765,0,9,9,6,7,7,6,0,0,27,21,0,36,0,0,0,0,0,0,0
2020-8-2,61610,19,849,0,0,0,0,0,0,0,0,0,9,10,0,14,0,0,0,0,0,0,0
2020-8-2,61611,99,4309,0,9,19,9,12,23,14,6,7,53,46,0,67,0,25,0,0,0,0,0
2020-8-2,61614,260,7213,0,32,56,33,22,20,22,25,50,116,143,0,157,56,23,0,0,20,0,0
2020-8-2,61615,127,5431,0,25,33,13,8,21,16,6,0,49,76,0,82,21,13,0,0,0,0,0
2020-8-2,61616,38,1715,0,7,11,0,0,0,7,0,0,16,22,0,25,9,0,0,0,0,0,0
2020-8-2,61701,143,6649,0,14,38,20,25,17,15,8,6,48,84,11,50,28,47,0,0,18,0,0
2020-8-2,61704,146,5601,0,16,34,17,15,20,17,15,12,63,74,9,76,24,27,0,0,12,0,0
2020-8-2,61705,43,2326,0,6,9,0,8,10,0,0,0,14,26,0,21,8,9,0,0,0,0,0
2020-8-2,61724,6,112,0,0,0,0,0,0,0,0,0,0,0,0,0,0,0,0,0,0,0,0
2020-8-2,61726,6,296,0,0,0,0,0,0,0,0,0,0,0,0,6,0,0,0,0,0,0,0
2020-8-2,61727,15,951,0,0,0,0,0,0,0,0,0,0,13,0,12,0,0,0,0,0,0,0
2020-8-2,61729,6,123,0,0,0,0,0,0,0,0,0,0,0,0,0,0,0,0,0,0,0,0
2020-8-2,61732,9,329,0,0,0,0,0,0,0,0,0,0,0,0,6,0,0,0,0,0,0,0
2020-8-2,61739,6,592,0,0,0,0,0,0,0,0,0,0,0,0,6,0,0,0,0,0,0,0
2020-8-2,61745,13,626,0,0,0,0,0,0,0,0,0,0,0,0,6,0,6,0,0,0,0,0
2020-8-2,61748,11,456,0,0,0,0,0,0,0,0,0,0,6,0,7,0,0,0,0,0,0,0
2020-8-2,61752,7,593,0,0,0,0,0,0,0,0,0,0,0,0,6,0,0,0,0,0,0,0
2020-8-2,61753,7,316,0,0,0,0,0,0,0,0,0,6,0,0,7,0,0,0,0,0,0,0
2020-8-2,61755,6,638,0,0,0,0,0,0,0,0,0,0,0,0,0,0,0,0,0,0,0,0
2020-8-2,61761,149,6894,0,17,65,12,19,14,14,8,0,64,78,7,65,23,41,0,0,18,0,0
2020-8-2,61764,36,1680,0,0,7,0,6,8,0,0,0,20,16,0,30,0,0,0,0,0,0,0
2020-8-2,61770,6,148,0,0,0,0,0,0,0,0,0,0,0,0,0,0,0,0,0,0,0,0
2020-8-2,61801,96,9415,0,13,40,18,8,0,0,0,0,55,41,0,23,37,6,7,0,21,0,0
2020-8-2,61802,200,7171,0,44,42,42,34,15,13,0,6,109,91,0,48,58,0,14,6,69,0,0
2020-8-2,61820,263,11939,0,47,121,46,19,18,7,0,0,153,109,0,67,77,15,24,0,74,0,0
2020-8-2,61821,279,11776,0,68,76,46,46,22,15,0,0,129,150,0,78,108,9,15,0,66,0,0
2020-8-2,61822,142,9104,0,25,34,19,18,32,8,6,0,71,71,0,65,39,0,13,10,10,0,0
2020-8-2,61832,98,5318,0,18,25,16,13,8,10,0,0,48,50,0,55,32,0,0,0,0,0,0
2020-8-2,61833,8,378,0,0,0,0,0,0,0,0,0,0,6,0,7,0,0,0,0,0,0,0
2020-8-2,61834,22,1209,0,0,0,0,0,6,0,0,0,11,11,0,18,0,0,0,0,0,0,0
2020-8-2,61842,9,473,0,0,0,0,0,0,0,0,0,0,0,0,7,0,0,0,0,0,0,0
2020-8-2,61843,30,873,0,7,0,6,6,0,0,0,0,16,14,0,28,0,0,0,0,0,0,0
2020-8-2,61845,8,133,0,0,0,0,0,0,0,0,0,0,0,0,6,0,0,0,0,0,0,0
2020-8-2,61846,11,617,0,0,0,0,0,0,0,0,0,7,0,0,0,0,0,0,0,0,0,0
2020-8-2,61853,86,5209,0,34,10,11,13,9,6,0,0,42,43,0,78,0,0,0,0,0,0,0
2020-8-2,61856,23,2068,0,0,8,0,0,0,0,0,0,13,9,0,23,0,0,0,0,0,0,0
2020-8-2,61858,9,581,0,0,0,0,0,0,0,0,0,0,0,0,6,0,0,0,0,0,0,0
2020-8-2,61863,6,235,0,0,0,0,0,0,0,0,0,0,0,0,6,0,0,0,0,0,0,0
2020-8-2,61864,7,516,0,0,0,0,0,0,0,0,0,0,0,0,0,0,0,0,0,0,0,0
2020-8-2,61866,246,4493,0,49,52,60,38,27,14,0,0,133,113,0,36,37,7,0,0,160,0,0
2020-8-2,61873,25,1665,0,6,0,6,0,0,0,0,0,8,17,0,21,0,0,0,0,0,0,0
2020-8-2,61874,59,4103,0,10,6,9,10,0,0,0,17,23,30,6,32,13,10,0,0,0,0,0
2020-8-2,61875,6,234,0,0,0,0,0,0,0,0,0,0,0,0,6,0,0,0,0,0,0,0
2020-8-2,61877,15,387,0,6,0,0,0,0,0,0,0,6,9,0,12,0,0,0,0,0,0,0
2020-8-2,61878,6,355,0,0,0,0,0,0,0,0,0,0,0,0,0,0,0,0,0,0,0,0
2020-8-2,61880,29,1313,0,0,0,7,0,0,0,0,0,11,18,0,28,0,0,0,0,0,0,0
2020-8-2,61883,12,626,0,0,0,0,0,0,0,0,0,0,9,0,12,0,0,0,0,0,0,0
2020-8-2,61884,7,280,0,0,0,0,0,0,0,0,0,0,0,0,7,0,0,0,0,0,0,0
2020-8-2,61910,43,732,0,0,8,0,6,8,6,0,0,21,20,0,27,0,6,0,0,9,0,0
2020-8-2,61911,20,398,0,0,0,0,0,0,0,0,0,12,7,0,19,0,0,0,0,0,0,0
2020-8-2,61920,203,4568,0,30,56,11,15,22,26,15,28,88,111,0,176,14,10,0,0,0,0,0
2020-8-2,61925,6,75,0,0,0,0,0,0,0,0,0,0,0,0,0,0,0,0,0,0,0,0
2020-8-2,61928,10,111,0,0,0,0,0,0,0,0,0,0,6,0,10,0,0,0,0,0,0,0
2020-8-2,61938,169,5273,0,33,35,29,23,12,21,9,7,69,100,0,149,8,0,0,0,8,0,0
2020-8-2,61943,9,215,0,0,0,0,0,0,0,0,0,0,6,0,7,0,0,0,0,0,0,0
2020-8-2,61944,18,1008,0,6,0,0,0,0,0,0,0,7,9,0,12,0,0,0,0,0,0,0
2020-8-2,61951,21,1285,0,0,0,0,0,0,0,0,0,9,10,0,20,0,0,0,0,0,0,0
2020-8-2,61953,28,1400,0,8,0,0,0,0,0,0,0,12,15,0,15,0,0,0,0,8,0,0
2020-8-2,61956,10,653,0,0,0,0,0,0,0,0,0,6,0,0,9,0,0,0,0,0,0,0
2020-8-2,61957,8,268,0,0,0,0,0,0,0,0,0,0,0,0,0,0,0,0,0,0,0,0
2020-8-2,62001,6,358,0,0,0,0,0,0,0,0,0,0,0,0,0,0,0,0,0,0,0,0
2020-8-2,62002,276,3427,0,13,50,40,38,41,33,23,38,97,149,30,102,89,72,12,0,0,0,0
2020-8-2,62010,88,819,0,12,17,19,9,12,8,0,6,43,42,0,44,0,14,9,0,18,0,0
2020-8-2,62012,36,783,0,0,8,6,0,0,0,0,0,16,20,0,24,0,9,0,0,0,0,0
2020-8-2,62014,10,346,0,0,0,0,0,0,0,0,0,0,7,0,9,0,0,0,0,0,0,0
2020-8-2,62018,22,284,0,0,0,0,0,6,0,0,0,6,16,0,12,0,0,0,0,0,0,0
2020-8-2,62024,36,958,0,0,9,0,6,7,6,0,0,14,22,0,23,0,8,0,0,0,0,0
2020-8-2,62025,314,4125,0,50,68,36,36,32,31,37,24,135,176,0,183,24,68,32,0,0,0,0
2020-8-2,62033,12,928,0,0,0,0,0,0,0,0,0,8,0,0,8,0,0,0,0,0,0,0
2020-8-2,62034,161,2938,0,24,27,17,19,9,8,9,48,66,95,0,88,20,32,15,0,0,0,0
2020-8-2,62035,119,2385,0,0,27,14,15,28,20,10,0,43,73,0,72,18,19,9,0,0,0,0
2020-8-2,62037,8,161,0,0,0,0,0,0,0,0,0,0,7,0,0,0,0,0,0,0,0,0
2020-8-2,62040,396,5536,0,51,103,64,59,63,35,18,0,171,223,0,185,53,81,14,0,60,0,0
2020-8-2,62048,6,116,0,0,0,0,0,0,0,0,0,0,0,0,0,0,0,0,0,0,0,0
2020-8-2,62049,36,1861,0,0,0,6,0,0,0,0,11,12,24,0,17,0,18,0,0,0,0,0
2020-8-2,62052,34,1350,0,0,8,0,0,0,6,0,0,14,20,0,31,0,0,0,0,0,0,0
2020-8-2,62056,53,2221,0,8,13,6,6,10,0,0,0,22,30,0,36,0,16,0,0,0,0,0
2020-8-2,62059,11,87,0,0,0,0,0,0,0,0,0,0,8,0,0,9,0,0,0,0,0,0
2020-8-2,62060,74,807,0,17,9,14,13,9,7,0,0,37,36,0,0,46,10,0,0,11,0,0
2020-8-2,62061,12,139,0,0,0,0,0,0,0,0,0,6,6,0,9,0,0,0,0,0,0,0
2020-8-2,62062,60,2475,0,8,16,0,0,15,6,0,0,22,38,0,32,0,22,0,0,0,0,0
2020-8-2,62067,14,206,0,0,0,0,0,0,0,0,0,8,6,0,10,0,0,0,0,0,0,0
2020-8-2,62069,13,561,0,0,0,0,0,6,0,0,0,0,8,0,9,0,0,0,0,0,0,0
2020-8-2,62075,11,459,0,0,0,0,0,0,0,0,0,0,8,0,0,0,6,0,0,0,0,0
2020-8-2,62082,9,356,0,0,0,0,0,0,0,0,0,0,0,0,6,0,0,0,0,0,0,0
2020-8-2,62084,8,104,0,0,0,0,0,0,0,0,0,0,0,0,7,0,0,0,0,0,0,0
2020-8-2,62087,10,169,0,0,0,0,0,0,0,0,0,0,0,0,0,0,0,0,0,0,0,0
2020-8-2,62088,19,1237,0,0,6,0,0,0,0,0,0,6,12,0,14,0,0,0,0,0,0,0
2020-8-2,62090,22,186,0,0,9,0,0,0,0,0,0,0,19,0,0,17,0,0,0,0,0,0
2020-8-2,62095,59,1037,0,0,9,12,10,11,8,0,0,28,30,0,41,0,7,0,0,0,0,0
2020-8-2,62097,7,281,0,0,0,0,0,0,0,0,0,0,0,0,0,0,0,0,0,0,0,0
2020-8-2,62201,185,1483,0,42,37,32,26,24,18,0,0,80,105,0,12,50,12,0,0,105,0,0
2020-8-2,62203,151,1264,0,18,30,31,30,15,15,9,0,66,85,0,0,139,11,0,0,0,0,0
2020-8-2,62204,115,993,0,14,19,13,28,20,12,6,0,43,72,0,0,97,10,0,0,8,0,0
2020-8-2,62205,148,1443,0,13,28,25,27,26,15,7,7,58,90,0,0,133,13,0,0,0,0,0
2020-8-2,62206,339,2899,0,54,74,50,58,57,27,13,6,132,206,0,28,274,30,0,0,0,0,0
2020-8-2,62207,201,1241,0,23,36,32,36,35,22,11,6,96,104,0,0,173,22,0,0,0,0,0
2020-8-2,62208,249,2456,0,29,45,42,44,28,40,12,9,117,130,0,53,99,77,15,0,0,0,0
2020-8-2,62215,9,207,0,0,0,0,0,0,0,0,0,6,0,0,0,0,6,0,0,0,0,0
2020-8-2,62216,16,390,0,0,6,0,0,0,0,0,0,8,8,0,11,0,0,0,0,0,0,0
2020-8-2,62217,11,108,0,0,0,0,0,0,0,0,0,6,0,0,11,0,0,0,0,0,0,0
2020-8-2,62218,12,147,0,0,0,0,0,0,0,0,0,0,7,0,7,0,0,0,0,0,0,0
2020-8-2,62220,324,2714,0,25,48,40,39,39,31,35,67,133,189,0,96,90,124,12,0,0,0,0
2020-8-2,62221,347,3463,0,53,75,60,54,56,28,15,6,125,212,10,66,145,113,18,0,0,0,0
2020-8-2,62223,173,2339,0,16,35,28,27,36,13,11,7,68,100,0,35,77,53,0,0,0,0,0
2020-8-2,62225,16,294,0,0,6,6,0,0,0,0,0,10,6,0,0,0,9,0,0,0,0,0
2020-8-2,62226,409,4307,0,43,73,63,48,67,50,38,27,163,241,0,96,159,127,15,6,6,0,0
2020-8-2,62230,40,826,0,11,15,0,0,0,0,0,0,20,20,0,20,0,9,0,0,6,0,0
2020-8-2,62231,97,1030,0,0,0,10,6,0,11,10,47,30,66,0,83,0,6,0,0,0,0,0
2020-8-2,62232,83,2102,0,16,18,22,8,7,0,0,0,36,43,0,17,19,19,10,0,18,0,0
2020-8-2,62233,150,1360,0,10,39,32,31,26,6,0,0,82,63,0,104,0,8,0,0,32,0,0
2020-8-2,62234,330,4222,0,52,79,56,55,44,20,20,0,147,179,0,104,58,77,14,0,77,0,0
2020-8-2,62236,121,1035,0,13,26,11,13,20,0,0,28,48,72,0,68,0,46,0,0,0,0,0
2020-8-2,62237,13,975,0,0,0,0,0,0,0,0,0,0,8,0,9,0,0,0,0,0,0,0
2020-8-2,62238,10,80,0,0,0,0,0,0,0,0,0,0,0,0,7,0,0,0,0,0,0,0
2020-8-2,62239,46,431,0,0,9,6,6,10,7,0,0,19,25,0,19,0,21,0,0,0,0,0
2020-8-2,62240,14,128,0,0,0,0,0,0,0,0,0,0,10,0,7,0,0,0,0,0,0,0
2020-8-2,62241,10,126,0,0,0,0,0,0,0,0,0,0,0,0,10,0,0,0,0,0,0,0
2020-8-2,62242,10,124,0,0,0,0,0,0,0,0,0,0,6,0,9,0,0,0,0,0,0,0
2020-8-2,62243,26,562,0,0,6,0,7,0,0,0,0,12,14,0,15,0,10,0,0,0,0,0
2020-8-2,62245,15,236,0,0,8,0,0,0,0,0,0,7,8,0,7,0,0,0,0,0,0,0
2020-8-2,62246,37,2087,0,0,10,0,0,7,0,0,0,17,19,0,16,0,17,0,0,0,0,0
2020-8-2,62249,79,1704,0,9,17,12,8,6,10,0,14,41,37,0,52,0,24,0,0,0,0,0
2020-8-2,62254,120,996,0,0,12,8,0,6,19,23,47,42,77,0,45,11,62,0,0,0,0,0
2020-8-2,62255,13,100,0,0,0,0,0,0,0,0,0,0,8,0,6,0,7,0,0,0,0,0
2020-8-2,62257,22,328,0,0,0,0,0,0,0,0,0,13,9,0,14,0,8,0,0,0,0,0
2020-8-2,62258,61,1503,0,6,12,11,13,10,0,0,0,22,37,0,27,6,23,0,0,0,0,0
2020-8-2,62260,49,646,0,10,12,0,7,6,10,0,0,19,30,0,24,0,24,0,0,0,0,0
2020-8-2,62263,18,565,0,0,0,0,6,0,0,0,0,8,9,0,14,0,0,0,0,0,0,0
2020-8-2,62264,68,455,0,0,7,0,0,0,0,9,29,26,42,0,32,0,34,0,0,0,0,0
2020-8-2,62265,68,1124,0,0,16,13,9,10,13,0,0,25,41,0,35,0,20,0,0,8,0,0
2020-8-2,62269,275,3909,0,34,45,48,57,48,18,17,8,110,157,8,78,68,105,13,0,8,0,0
2020-8-2,62271,12,189,0,0,0,0,0,0,0,0,0,9,0,0,10,0,0,0,0,0,0,0
2020-8-2,62272,59,301,0,7,14,16,11,0,0,0,0,31,25,0,10,0,0,0,0,46,0,0
2020-8-2,62274,43,934,0,0,0,0,0,10,0,0,11,20,21,0,38,0,0,0,0,0,0,0
2020-8-2,62275,10,330,0,0,0,0,0,0,0,0,0,0,0,0,0,0,0,0,0,0,0,0
2020-8-2,62278,62,858,0,9,11,0,9,9,15,0,0,27,35,0,43,0,16,0,0,0,0,0
2020-8-2,62281,19,298,0,0,0,0,6,0,0,0,0,9,8,0,12,0,0,0,0,0,0,0
2020-8-2,62285,37,439,0,0,8,0,8,0,6,0,0,17,18,0,21,0,14,0,0,0,0,0
2020-8-2,62286,76,853,0,7,20,13,7,13,8,0,6,25,50,0,45,7,16,0,0,0,0,0
2020-8-2,62288,51,514,0,6,9,11,6,7,12,0,0,22,25,0,37,0,7,0,0,7,0,0
2020-8-2,62293,32,633,0,0,10,0,0,0,0,0,0,16,16,0,14,0,16,0,0,0,0,0
2020-8-2,62294,110,1607,0,13,35,20,18,9,9,0,0,52,56,0,64,0,35,7,0,0,0,0
2020-8-2,62295,14,137,0,0,0,0,0,0,0,0,0,0,10,0,10,0,0,0,0,0,0,0
2020-8-2,62298,125,2258,0,9,30,19,17,25,16,0,6,57,65,0,79,0,38,0,0,0,0,0
2020-8-2,62301,182,9825,0,17,32,33,18,32,21,17,12,81,97,0,94,26,60,0,0,0,0,0
2020-8-2,62305,140,1238,0,17,22,17,24,25,27,7,0,69,70,0,86,13,40,0,0,0,0,0
2020-8-2,62320,7,220,0,0,0,0,0,6,0,0,0,0,0,0,0,0,0,0,0,0,0,0
2020-8-2,62325,9,23,0,7,0,0,0,0,0,0,0,7,0,0,8,0,0,0,0,0,0,0
2020-8-2,62338,9,79,0,0,0,0,0,0,0,0,0,0,0,0,7,0,0,0,0,0,0,0
2020-8-2,62347,8,126,0,0,0,0,0,0,0,0,0,0,0,0,6,0,0,0,0,0,0,0
2020-8-2,62351,11,126,0,0,0,0,0,0,0,0,0,0,8,0,9,0,0,0,0,0,0,0
2020-8-2,62353,9,797,0,0,0,0,0,0,0,0,0,0,0,0,6,0,0,0,0,0,0,0
2020-8-2,62376,14,72,0,0,0,0,0,0,6,0,0,7,7,0,12,0,0,0,0,0,0,0
2020-8-2,62401,55,2384,0,15,10,9,0,6,7,0,0,26,27,0,48,0,0,0,0,0,0,0
2020-8-2,62411,10,665,0,0,0,0,0,0,0,0,0,6,0,0,8,0,0,0,0,0,0,0
2020-8-2,62418,10,203,0,0,0,0,0,0,0,0,0,0,6,0,0,0,0,0,0,0,0,0
2020-8-2,62420,29,1008,0,11,0,0,6,0,0,0,0,13,16,0,20,0,0,7,0,0,0,0
2020-8-2,62424,10,193,0,0,0,0,0,0,0,0,0,0,6,0,8,0,0,0,0,0,0,0
2020-8-2,62427,9,121,0,0,0,0,0,0,0,0,0,0,0,0,7,0,0,0,0,0,0,0
2020-8-2,62428,10,471,0,0,0,0,0,0,0,0,0,6,0,0,10,0,0,0,0,0,0,0
2020-8-2,62439,26,986,0,9,0,0,6,0,0,0,0,12,14,0,19,0,7,0,0,0,0,0
2020-8-2,62441,25,749,0,0,0,0,0,0,0,0,0,11,14,0,20,0,0,0,0,0,0,0
2020-8-2,62442,7,216,0,0,0,0,0,0,0,0,0,0,0,0,6,0,0,0,0,0,0,0
2020-8-2,62443,7,133,0,0,0,0,0,0,0,0,0,0,0,0,7,0,0,0,0,0,0,0
2020-8-2,62447,32,772,0,0,0,0,0,0,0,0,24,11,21,0,25,0,0,0,0,0,0,0
2020-8-2,62448,42,985,0,0,0,0,0,0,0,6,25,19,23,0,38,0,0,0,0,0,0,0
2020-8-2,62450,9,1938,0,0,0,0,0,0,0,0,0,0,0,0,7,0,0,0,0,0,0,0
2020-8-2,62454,18,824,0,0,0,0,0,0,0,0,0,8,10,0,16,0,0,0,0,0,0,0
2020-8-2,62458,8,604,0,0,0,0,0,0,0,0,0,0,0,0,0,0,0,0,0,0,0,0
2020-8-2,62460,8,123,0,0,0,0,0,0,0,0,0,0,0,0,8,0,0,0,0,0,0,0
2020-8-2,62467,17,354,0,0,0,6,0,0,0,0,0,7,9,0,12,0,0,0,0,0,0,0
2020-8-2,62471,31,984,0,0,0,0,0,6,8,0,6,13,17,0,22,0,8,0,0,0,0,0
2020-8-2,62473,8,149,0,0,0,0,0,0,0,0,0,0,0,0,0,0,0,0,0,0,0,0
2020-8-2,62474,6,137,0,0,0,0,0,0,0,0,0,0,0,0,6,0,0,0,0,0,0,0
2020-8-2,62501,7,232,0,0,0,0,0,0,0,0,0,0,0,0,7,0,0,0,0,0,0,0
2020-8-2,62521,200,4576,0,15,29,28,19,25,28,22,34,81,119,0,115,73,0,0,0,0,0,0
2020-8-2,62522,72,1499,0,12,9,17,17,9,0,0,0,26,46,0,32,32,0,0,0,0,0,0
2020-8-2,62526,122,4851,0,17,29,17,20,16,14,0,6,45,77,0,44,56,8,0,0,9,0,0
2020-8-2,62530,7,274,0,0,0,0,0,0,0,0,0,0,0,0,0,0,0,0,0,0,0,0
2020-8-2,62535,7,1118,0,0,0,0,0,0,0,0,0,0,0,0,6,0,0,0,0,0,0,0
2020-8-2,62548,8,472,0,0,0,0,0,0,0,0,0,0,0,0,8,0,0,0,0,0,0,0
2020-8-2,62549,39,797,0,14,0,0,9,0,0,0,0,20,19,0,32,0,0,0,0,0,0,0
2020-8-2,62554,6,155,0,0,0,0,0,0,0,0,0,0,0,0,0,0,0,0,0,0,0,0
2020-8-2,62557,33,1346,0,0,0,8,0,6,0,0,0,10,23,0,19,0,14,0,0,0,0,0
2020-8-2,62558,10,605,0,0,0,0,0,0,0,0,0,0,6,0,9,0,0,0,0,0,0,0
2020-8-2,62560,14,263,0,0,0,0,0,0,0,0,0,0,9,0,9,0,0,0,0,0,0,0
2020-8-2,62561,10,1085,0,0,0,0,0,0,0,0,0,0,8,0,8,0,0,0,0,0,0,0
2020-8-2,62563,39,1357,0,6,13,0,9,0,0,0,0,19,20,0,26,0,13,0,0,0,0,0
2020-8-2,62565,28,1602,0,0,0,0,0,0,9,0,7,8,20,0,24,0,0,0,0,0,0,0
2020-8-2,62568,62,2584,0,7,9,0,9,9,0,12,8,25,36,0,36,0,24,0,0,0,0,0
2020-8-2,62613,10,730,0,0,0,0,0,0,0,0,0,0,6,0,9,0,0,0,0,0,0,0
2020-8-2,62615,18,1415,0,0,0,0,0,0,0,0,0,9,9,0,17,0,0,0,0,0,0,0
2020-8-2,62618,121,1506,0,12,32,33,22,16,6,0,0,59,62,0,31,15,13,0,0,59,0,0
2020-8-2,62626,31,2407,0,6,7,0,6,0,0,0,0,15,15,0,26,0,0,0,0,0,0,0
2020-8-2,62627,15,227,0,0,0,0,0,0,0,0,0,0,10,0,15,0,0,0,0,0,0,0
2020-8-2,62628,6,125,0,0,0,0,0,0,0,0,0,0,0,0,0,0,0,0,0,0,0,0
2020-8-2,62629,75,3555,0,6,20,16,11,14,6,0,0,33,42,0,59,0,15,0,0,0,0,0
2020-8-2,62640,7,550,0,0,0,0,0,0,0,0,0,0,0,0,0,0,0,0,0,0,0,0
2020-8-2,62642,8,287,0,0,0,0,0,0,0,0,0,0,0,0,6,0,0,0,0,0,0,0
2020-8-2,62644,14,685,0,0,0,0,0,0,0,0,0,6,8,0,13,0,0,0,0,0,0,0
2020-8-2,62650,169,4980,0,11,35,28,16,28,18,18,15,84,80,0,102,20,31,0,0,11,0,0
2020-8-2,62656,68,4479,0,0,15,0,15,12,9,10,0,28,39,0,55,7,0,0,0,0,0,0
2020-8-2,62664,12,510,0,0,0,0,0,0,0,0,0,7,0,0,12,0,0,0,0,0,0,0
2020-8-2,62670,12,648,0,0,0,0,0,0,0,0,0,0,9,0,11,0,0,0,0,0,0,0
2020-8-2,62675,24,1248,0,0,6,0,0,7,0,0,0,11,13,0,20,0,0,0,0,0,0,0
2020-8-2,62677,19,568,0,0,0,0,0,0,0,0,0,6,13,0,15,0,0,0,0,0,0,0
2020-8-2,62681,15,641,0,0,0,0,0,0,0,0,0,7,8,0,9,6,0,0,0,0,0,0
2020-8-2,62684,81,1655,0,0,6,0,0,9,0,16,39,23,56,0,80,0,0,0,0,0,0,0
2020-8-2,62690,9,1500,0,0,0,0,0,0,0,0,0,0,0,0,8,0,0,0,0,0,0,0
2020-8-2,62691,62,517,0,0,9,0,6,0,0,8,29,22,38,0,57,0,0,0,0,0,0,0
2020-8-2,62692,9,374,0,0,0,0,0,0,0,0,0,0,0,0,9,0,0,0,0,0,0,0
2020-8-2,62702,169,9636,0,22,26,37,24,20,25,11,0,63,104,0,88,49,22,0,0,8,0,0
2020-8-2,62703,137,7335,0,12,35,20,23,20,14,11,0,48,89,0,36,74,24,0,0,0,0,0
2020-8-2,62704,200,9864,0,21,57,35,37,21,17,0,8,84,116,0,117,43,32,0,0,0,0,0
2020-8-2,62707,37,2329,0,6,0,6,0,0,6,6,0,15,22,0,24,8,0,0,0,0,0,0
2020-8-2,62711,115,4836,0,10,35,0,10,22,15,6,13,56,59,0,89,0,14,0,0,0,0,0
2020-8-2,62712,41,2376,0,0,12,0,9,10,0,0,0,16,25,0,31,0,9,0,0,0,0,0
2020-8-2,62801,100,3555,0,6,12,21,15,21,18,0,0,37,49,14,62,15,22,0,0,0,0,0
2020-8-2,62806,6,201,0,0,0,0,0,0,0,0,0,0,0,0,0,0,0,0,0,0,0,0
2020-8-2,62807,6,72,0,0,0,0,0,0,0,0,0,0,0,0,6,0,0,0,0,0,0,0
2020-8-2,62808,9,158,0,0,0,0,0,0,0,0,0,0,6,0,7,0,0,0,0,0,0,0
2020-8-2,62812,39,1605,0,13,0,7,0,0,0,0,0,13,11,15,17,0,19,0,0,0,0,0
2020-8-2,62814,11,179,0,0,0,0,0,0,0,0,0,0,7,0,9,0,0,0,0,0,0,0
2020-8-2,62821,30,1020,0,0,0,0,0,0,0,0,0,13,15,0,23,0,6,0,0,0,0,0
2020-8-2,62827,7,75,0,0,0,0,0,0,0,0,0,0,0,0,7,0,0,0,0,0,0,0
2020-8-2,62828,10,131,0,0,0,0,0,0,0,0,0,0,6,0,6,0,0,0,0,0,0,0
2020-8-2,62832,44,1532,0,15,8,9,7,0,0,0,0,16,23,0,29,0,10,0,0,0,0,0
2020-8-2,62835,8,58,0,0,0,0,0,0,0,0,0,0,0,0,8,0,0,0,0,0,0,0
2020-8-2,62837,23,882,0,0,0,0,0,0,0,0,0,10,12,0,22,0,0,0,0,0,0,0
2020-8-2,62839,7,587,0,0,0,0,0,0,0,0,0,0,0,0,6,0,0,0,0,0,0,0
2020-8-2,62848,7,82,0,0,0,0,0,0,0,0,0,0,0,0,6,0,0,0,0,0,0,0
2020-8-2,62858,6,271,0,0,0,0,0,0,0,0,0,0,0,0,0,0,0,0,0,0,0,0
2020-8-2,62859,13,503,0,0,0,0,0,0,0,0,0,0,7,0,9,0,0,0,0,0,0,0
2020-8-2,62863,29,851,0,0,0,8,6,0,0,0,0,21,7,0,18,0,0,0,0,10,0,0
2020-8-2,62864,131,3367,0,12,13,11,12,11,9,18,45,46,83,0,70,9,42,6,0,0,0,0
2020-8-2,62865,12,195,0,0,0,0,0,0,0,0,0,0,0,0,7,0,0,0,0,0,0,0
2020-8-2,62869,8,188,0,0,0,0,0,0,0,0,0,0,0,0,7,0,0,0,0,0,0,0
2020-8-2,62870,9,337,0,0,0,0,0,0,0,0,0,0,0,0,9,0,0,0,0,0,0,0
2020-8-2,62872,8,117,0,0,0,0,0,0,0,0,0,0,0,0,8,0,0,0,0,0,0,0
2020-8-2,62875,11,134,0,0,0,0,0,0,0,0,0,0,8,0,9,0,0,0,0,0,0,0
2020-8-2,62881,27,1187,0,0,6,0,0,7,6,0,0,13,14,0,26,0,0,0,0,0,0,0
2020-8-2,62882,18,321,0,0,7,0,0,0,0,0,0,7,11,0,15,0,0,0,0,0,0,0
2020-8-2,62884,8,300,0,0,0,0,0,0,0,0,0,0,0,0,0,0,0,0,0,0,0,0
2020-8-2,62888,7,170,0,0,0,0,0,0,0,0,0,0,0,0,0,0,0,0,0,0,0,0
2020-8-2,62890,12,252,0,0,0,0,0,0,0,0,0,0,7,0,7,0,0,0,0,0,0,0
2020-8-2,62893,6,102,0,0,0,0,0,0,0,0,0,0,0,0,6,0,0,0,0,0,0,0
2020-8-2,62895,11,151,0,0,0,0,0,0,0,0,0,0,6,0,11,0,0,0,0,0,0,0
2020-8-2,62896,33,1543,0,8,9,0,0,0,0,0,0,11,11,11,17,0,16,0,0,0,0,0
2020-8-2,62898,7,187,0,0,0,0,0,0,0,0,0,0,0,0,7,0,0,0,0,0,0,0
2020-8-2,62901,341,5033,0,27,188,36,24,18,26,7,15,158,164,19,134,92,49,0,0,61,0,0
2020-8-2,62902,30,723,0,0,7,0,0,6,7,0,0,16,10,0,13,0,6,0,0,8,0,0
2020-8-2,62903,22,464,0,0,6,0,0,0,0,0,0,9,10,0,6,0,8,0,0,0,0,0
2020-8-2,62905,12,149,0,0,0,0,0,0,0,0,0,0,6,0,6,0,0,0,0,0,0,0
2020-8-2,62906,162,1720,0,18,20,14,16,22,18,12,42,58,83,21,124,0,24,0,0,9,0,0
2020-8-2,62907,42,329,0,0,10,6,12,9,0,0,0,23,18,0,35,0,0,0,0,0,0,0
2020-8-2,62910,6,239,0,0,0,0,0,0,0,0,0,0,0,0,0,0,0,0,0,0,0,0
2020-8-2,62912,10,144,0,0,0,0,0,0,0,0,0,0,0,0,10,0,0,0,0,0,0,0
2020-8-2,62914,18,821,0,0,0,0,0,6,0,0,0,0,13,0,0,15,0,0,0,0,0,0
2020-8-2,62916,7,111,0,0,0,0,0,0,0,0,0,0,0,0,0,0,0,0,0,0,0,0
2020-8-2,62917,11,567,0,0,0,0,0,0,0,0,0,0,0,0,6,0,0,0,0,0,0,0
2020-8-2,62918,64,1730,0,11,15,7,9,15,0,0,0,17,15,32,27,0,35,0,0,0,0,0
2020-8-2,62919,8,73,0,0,0,0,0,0,0,0,0,0,0,0,8,0,0,0,0,0,0,0
2020-8-2,62920,80,658,0,6,10,9,9,14,16,11,0,41,33,6,37,0,11,0,0,31,0,0
2020-8-2,62922,8,333,0,0,0,0,0,0,0,0,0,0,0,0,0,0,0,0,0,0,0,0
2020-8-2,62924,12,404,0,0,0,0,0,0,0,0,0,0,0,0,0,0,0,0,0,0,0,0
2020-8-2,62926,9,280,0,0,0,0,0,0,0,0,0,0,7,0,8,0,0,0,0,0,0,0
2020-8-2,62930,36,570,0,0,0,12,0,0,0,6,0,15,19,0,32,0,0,0,0,0,0,0
2020-8-2,62931,6,121,0,0,0,0,0,0,0,0,0,0,6,0,6,0,0,0,0,0,0,0
2020-8-2,62932,8,180,0,0,0,0,0,0,0,0,0,0,0,0,6,0,0,0,0,0,0,0
2020-8-2,62933,12,207,0,0,0,0,0,0,0,0,0,0,0,0,9,0,0,0,0,0,0,0
2020-8-2,62934,20,111,0,0,0,0,0,0,0,0,0,7,12,0,19,0,0,0,0,0,0,0
2020-8-2,62935,10,192,0,0,0,0,0,0,0,0,0,0,0,0,0,0,0,0,0,0,0,0
2020-8-2,62938,6,206,0,0,0,0,0,0,0,0,0,0,0,0,0,0,0,0,0,0,0,0
2020-8-2,62939,18,381,0,0,0,0,0,0,0,0,0,7,6,0,13,0,0,0,0,0,0,0
2020-8-2,62946,56,1560,0,6,6,11,10,7,6,8,0,17,19,20,30,0,21,0,0,0,0,0
2020-8-2,62948,56,2243,0,7,16,7,8,9,0,0,0,11,22,23,31,0,22,0,0,0,0,0
2020-8-2,62951,24,648,0,0,0,0,0,7,0,0,0,10,6,8,15,0,8,0,0,0,0,0
2020-8-2,62952,31,467,0,0,7,6,8,0,0,0,0,9,22,0,28,0,0,0,0,0,0,0
2020-8-2,62958,10,340,0,0,0,0,0,0,0,0,0,0,0,0,6,0,0,0,0,0,0,0
2020-8-2,62959,133,5215,0,21,33,10,21,22,17,0,0,42,46,45,57,7,65,0,0,0,0,0
2020-8-2,62960,24,1267,0,0,7,0,0,0,0,0,0,12,12,0,17,0,0,0,0,0,0,0
2020-8-2,62964,10,151,0,0,0,0,0,0,0,0,0,0,6,0,0,7,0,0,0,0,0,0
2020-8-2,62966,168,2598,0,24,36,37,28,19,14,6,0,78,76,14,84,24,32,0,0,27,0,0
2020-8-2,62983,8,207,0,0,0,0,0,0,0,0,0,0,0,0,0,0,6,0,0,0,0,0
2020-8-2,62984,15,136,0,0,0,0,0,0,0,0,0,7,7,0,14,0,0,0,0,0,0,0
2020-8-2,62985,6,80,0,0,0,0,0,0,0,0,0,0,0,0,0,0,0,0,0,0,0,0
2020-8-2,62988,8,123,0,0,0,0,0,0,0,0,0,0,0,0,7,0,0,0,0,0,0,0
2020-8-2,62992,59,306,0,0,17,18,19,0,0,0,0,50,0,6,0,0,8,0,0,46,0,0
2020-8-2,62994,9,97,0,0,0,0,0,0,0,0,0,0,0,0,7,0,0,0,0,0,0,0
2020-8-2,62995,21,462,0,0,0,0,0,0,0,0,0,9,10,0,17,0,0,0,0,0,0,0
2020-8-2,62997,7,84,0,0,0,0,0,0,0,0,0,0,0,0,0,0,0,0,0,0,0,0